FirstName,LastName,ID,MedicalRecord
Mary,Smith,[000-400-600],M.S.
Helen,Johnson,[001-401-601],H.J.
Anna,Williams,[002-402-602],A.W.
Margaret,Brown,[003-403-603],M.B.
Ruth,Jones,[004-404-604],R.J.
Elizabeth,Garcia,[005-405-605],E.G.
Florence,Miller,[006-406-606],F.M.
Ethel,Davis,[007-407-607],E.D.
Marie,Rodriguez,[008-408-608],M.R.
Lillian,Martinez,[009-409-609],L.M.
Annie,Hernandez,[010-410-610],A.H.
Edna,Lopez,[011-411-611],E.L.
Emma,Gonzalez,[012-412-612],E.G.
Alice,Wilson,[013-413-613],A.W.
Bessie,Anderson,[014-414-614],B.A.
Bertha,Thomas,[015-415-615],B.T.
Grace,Taylor,[016-416-616],G.T.
Rose,Moore,[017-417-617],R.M.
Clara,Jackson,[018-418-618],C.J.
Mildred,Martin,[019-419-619],M.M.
Gladys,Lee,[020-420-620],G.L.
Minnie,Perez,[021-421-621],M.P.
Gertrude,Thompson,[022-422-622],G.T.
Pearl,White,[023-423-623],P.W.
Mabel,Harris,[024-424-624],M.H.
Frances,Sanchez,[025-425-625],F.S.
Dorothy,Clark,[026-426-626],D.C.
Martha,Ramirez,[027-427-627],M.R.
Hazel,Lewis,[028-428-628],H.L.
Ida,Robinson,[029-429-629],I.R.
Irene,Walker,[030-430-630],I.W.
Myrtle,Young,[031-431-631],M.Y.
Eva,Allen,[032-432-632],E.A.
Catherine,King,[033-433-633],C.K.
Louise,Wright,[034-434-634],L.W.
Edith,Scott,[035-435-635],E.S.
Sarah,Torres,[036-436-636],S.T.
Elsie,Nguyen,[037-437-637],E.N.
Esther,Hill,[038-438-638],E.H.
Lillie,Flores,[039-439-639],L.F.
Agnes,Green,[040-440-640],A.G.
Ella,Adams,[041-441-641],E.A.
Nellie,Nelson,[042-442-642],N.N.
Mattie,Baker,[043-443-643],M.B.
Laura,Hall,[044-444-644],L.H.
Julia,Rivera,[045-445-645],J.R.
Josephine,Campbell,[046-446-646],J.C.
Carrie,Mitchell,[047-447-647],C.M.
Viola,Carter,[048-448-648],V.C.
Hattie,Roberts,[049-449-649],H.R.
Ruby,Gomez,[050-450-650],R.G.
Lena,Phillips,[051-451-651],L.P.
Jessie,Evans,[052-452-652],J.E.
Mae,Turner,[053-453-653],M.T.
Cora,Diaz,[054-454-654],C.D.
Beatrice,Parker,[055-455-655],B.P.
Alma,Cruz,[056-456-656],A.C.
Willie,Edwards,[057-457-657],W.E.
Mamie,Collins,[058-458-658],M.C.
Blanche,Reyes,[059-459-659],B.R.
Lucy,Stewart,[060-460-660],L.S.
Fannie,Morris,[061-461-661],F.M.
Lula,Morales,[062-462-662],L.M.
Jennie,Murphy,[063-463-663],J.M.
Katherine,Cook,[064-464-664],K.C.
Marion,Rogers,[065-465-665],M.R.
Lucille,Gutierrez,[066-466-666],L.G.
Stella,Ortiz,[067-467-667],S.O.
Rosa,Morgan,[068-468-668],R.M.
Evelyn,Cooper,[069-469-669],E.C.
Pauline,Peterson,[070-470-670],P.P.
Ada,Bailey,[071-471-671],A.B.
Thelma,Reed,[072-472-672],T.R.
Virginia,Kelly,[073-473-673],V.K.
Maggie,Howard,[074-474-674],M.H.
Vera,Ramos,[075-475-675],V.R.
Maude,Kim,[076-476-676],M.K.
Beulah,Cox,[077-477-677],B.C.
Dora,Ward,[078-478-678],D.W.
Susie,Richardson,[079-479-679],S.R.
Daisy,Watson,[080-480-680],D.W.
Ellen,Brooks,[081-481-681],E.B.
Nora,Chavez,[082-482-682],N.C.
Sadie,Wood,[083-483-683],S.W.
Leona,James,[084-484-684],L.J.
Marguerite,Bennett,[085-485-685],M.B.
Georgia,Gray,[086-486-686],G.G.
Eleanor,Mendoza,[087-487-687],E.M.
Effie,Ruiz,[088-488-688],E.R.
Della,Hughes,[089-489-689],D.H.
May,Price,[090-490-690],M.P.
Ann,Alvarez,[091-491-691],A.A.
Kathryn,Castillo,[092-492-692],K.C.
Nettie,Sanders,[093-493-693],N.S.
Olive,Patel,[094-494-694],O.P.
Bernice,Myers,[095-495-695],B.M.
Lottie,Long,[096-496-696],L.L.
Sallie,Ross,[097-497-697],S.R.
Nancy,Foster,[098-498-698],N.F.
Betty,Jimenez,[099-499-699],B.J.
Emily,Nguyen,[100-500-700],E.N.
Hannah,Smith,[101-501-701],H.S.
Madison,Johnson,[102-502-702],M.J.
Ashley,Williams,[103-503-703],A.W.
Alexis,Brown,[104-504-704],A.B.
Samantha,Jones,[105-505-705],S.J.
Jessica,Garcia,[106-506-706],J.G.
Taylor,Miller,[107-507-707],T.M.
Lauren,Davis,[108-508-708],L.D.
Alyssa,Rodriguez,[109-509-709],A.R.
Kayla,Martinez,[110-510-710],K.M.
Abigail,Hernandez,[111-511-711],A.H.
Brianna,Lopez,[112-512-712],B.L.
Olivia,Gonzalez,[113-513-713],O.G.
Megan,Wilson,[114-514-714],M.W.
Victoria,Anderson,[115-515-715],V.A.
Rachel,Thomas,[116-516-716],R.T.
Sydney,Taylor,[117-517-717],S.T.
Destiny,Moore,[118-518-718],D.M.
Morgan,Jackson,[119-519-719],M.J.
Jennifer,Martin,[120-520-720],J.M.
Jasmine,Lee,[121-521-721],J.L.
Haley,Perez,[122-522-722],H.P.
Kaitlyn,Thompson,[123-523-723],K.T.
Nicole,White,[124-524-724],N.W.
Amanda,Harris,[125-525-725],A.H.
Natalie,Sanchez,[126-526-726],N.S.
Hailey,Clark,[127-527-727],H.C.
Alexandra,Ramirez,[128-528-728],A.R.
Savannah,Lewis,[129-529-729],S.L.
Chloe,Robinson,[130-530-730],C.R.
Rebecca,Walker,[131-531-731],R.W.
Stephanie,Young,[132-532-732],S.Y.
Maria,Allen,[133-533-733],M.A.
Sophia,King,[134-534-734],S.K.
Mackenzie,Wright,[135-535-735],M.W.
Allison,Scott,[136-536-736],A.S.
Isabella,Torres,[137-537-737],I.T.
Amber,Nguyen,[138-538-738],A.N.
Danielle,Hill,[139-539-739],D.H.
Gabrielle,Flores,[140-540-740],G.F.
Jordan,Green,[141-541-741],J.G.
Brooke,Adams,[142-542-742],B.A.
Michelle,Nelson,[143-543-743],M.N.
Sierra,Baker,[144-544-744],S.B.
Katelyn,Hall,[145-545-745],K.H.
Andrea,Rivera,[146-546-746],A.R.
Madeline,Campbell,[147-547-747],M.C.
Sara,Mitchell,[148-548-748],S.M.
Kimberly,Carter,[149-549-749],K.C.
Courtney,Roberts,[150-550-750],C.R.
Brittany,Gomez,[151-551-751],B.G.
Erin,Phillips,[152-552-752],E.P.
Vanessa,Evans,[153-553-753],V.E.
Jenna,Turner,[154-554-754],J.T.
Jacqueline,Diaz,[155-555-755],J.D.
Caroline,Parker,[156-556-756],C.P.
Faith,Cruz,[157-557-757],F.C.
Makayla,Edwards,[158-558-758],M.E.
Bailey,Collins,[159-559-759],B.C.
Paige,Reyes,[160-560-760],P.R.
Shelby,Stewart,[161-561-761],S.S.
Melissa,Morris,[162-562-762],M.M.
Kaylee,Morales,[163-563-763],K.M.
Christina,Murphy,[164-564-764],C.M.
Trinity,Cook,[165-565-765],T.C.
Mariah,Rogers,[166-566-766],M.R.
Caitlin,Gutierrez,[167-567-767],C.G.
Autumn,Ortiz,[168-568-768],A.O.
Marissa,Morgan,[169-569-769],M.M.
Breanna,Cooper,[170-570-770],B.C.
Angela,Peterson,[171-571-771],A.P.
Zoe,Bailey,[172-572-772],Z.B.
Briana,Reed,[173-573-773],B.R.
Jada,Kelly,[174-574-774],J.K.
Claire,Howard,[175-575-775],C.H.
Alexa,Ramos,[176-576-776],A.R.
Kelsey,Kim,[177-577-777],K.K.
Leslie,Cox,[178-578-778],L.C.
Alexandria,Ward,[179-579-779],A.W.
Sabrina,Richardson,[180-580-780],S.R.
Mia,Watson,[181-581-781],M.W.
Isabel,Brooks,[182-582-782],I.B.
Molly,Chavez,[183-583-783],M.C.
Leah,Wood,[184-584-784],L.W.
Katie,James,[185-585-785],K.J.
Gabriella,Bennett,[186-586-786],G.B.
Cheyenne,Gray,[187-587-787],C.G.
Cassandra,Mendoza,[188-588-788],C.M.
John,Mendoza,[189-589-789],J.M.
William,Ruiz,[190-590-790],W.R.
James,Hughes,[191-591-791],J.H.
George,Price,[192-592-792],G.P.
Charles,Alvarez,[193-593-793],C.A.
Robert,Castillo,[194-594-794],R.C.
Joseph,Sanders,[195-595-795],J.S.
Frank,Patel,[196-596-796],F.P.
Edward,Myers,[197-597-797],E.M.
Henry,Long,[198-598-798],H.L.
Thomas,Ross,[199-599-799],T.R.
Walter,Foster,[200-600-800],W.F.
Harry,Jimenez,[201-601-801],H.J.
Willie,Nguyen,[202-602-802],W.N.
Arthur,Smith,[203-603-803],A.S.
Albert,Johnson,[204-604-804],A.J.
Fred,Williams,[205-605-805],F.W.
Clarence,Brown,[206-606-806],C.B.
Paul,Jones,[207-607-807],P.J.
Harold,Garcia,[208-608-808],H.G.
Roy,Miller,[209-609-809],R.M.
Joe,Davis,[210-610-810],J.D.
Raymond,Rodriguez,[211-611-811],R.R.
Richard,Martinez,[212-612-812],R.M.
Charlie,Hernandez,[213-613-813],C.H.
Louis,Lopez,[214-614-814],L.L.
Jack,Gonzalez,[215-615-815],J.G.
Earl,Wilson,[216-616-816],E.W.
Carl,Anderson,[217-617-817],C.A.
Ernest,Thomas,[218-618-818],E.T.
Ralph,Taylor,[219-619-819],R.T.
David,Moore,[220-620-820],D.M.
Samuel,Jackson,[221-621-821],S.J.
Sam,Martin,[222-622-822],S.M.
Howard,Lee,[223-623-823],H.L.
Herbert,Perez,[224-624-824],H.P.
Andrew,Thompson,[225-625-825],A.T.
Elmer,White,[226-626-826],E.W.
Lee,Harris,[227-627-827],L.H.
Lawrence,Sanchez,[228-628-828],L.S.
Francis,Clark,[229-629-829],F.C.
Alfred,Ramirez,[230-630-830],A.R.
Will,Lewis,[231-631-831],W.L.
Daniel,Robinson,[232-632-832],D.R.
Eugene,Walker,[233-633-833],E.W.
Leo,Young,[234-634-834],L.Y.
Oscar,Allen,[235-635-835],O.A.
Floyd,King,[236-636-836],F.K.
Herman,Wright,[237-637-837],H.W.
Jesse,Scott,[238-638-838],J.S.
Michael,Torres,[239-639-839],M.T.
Lewis,Nguyen,[240-640-840],L.N.
Tom,Hill,[241-641-841],T.H.
Leon,Flores,[242-642-842],L.F.
Ray,Green,[243-643-843],R.G.
Clyde,Adams,[244-644-844],C.A.
Benjamin,Nelson,[245-645-845],B.N.
Peter,Baker,[246-646-846],P.B.
Claude,Hall,[247-647-847],C.H.
Lester,Rivera,[248-648-848],L.R.
Theodore,Campbell,[249-649-849],T.C.
Russell,Mitchell,[250-650-850],R.M.
Eddie,Carter,[251-651-851],E.C.
Frederick,Roberts,[252-652-852],F.R.
Leroy,Gomez,[253-653-853],L.G.
Clifford,Phillips,[254-654-854],C.P.
Anthony,Evans,[255-655-855],A.E.
Jim,Turner,[256-656-856],J.T.
Jessie,Diaz,[257-657-857],J.D.
Martin,Parker,[258-658-858],M.P.
Edgar,Cruz,[259-659-859],E.C.
Chester,Edwards,[260-660-860],C.E.
Ben,Collins,[261-661-861],B.C.
Edwin,Reyes,[262-662-862],E.R.
Dewey,Stewart,[263-663-863],D.S.
Cecil,Morris,[264-664-864],C.M.
Stanley,Morales,[265-665-865],S.M.
Lloyd,Murphy,[266-666-866],L.M.
Donald,Cook,[267-667-867],D.C.
Homer,Rogers,[268-668-868],H.R.
Harvey,Gutierrez,[269-669-869],H.G.
Luther,Ortiz,[270-670-870],L.O.
Norman,Morgan,[271-671-871],N.M.
Johnnie,Cooper,[272-672-872],J.C.
Leon,Peterson,[273-673-873],L.P.
Bernard,Bailey,[274-674-874],B.B.
Ed,Reed,[275-675-875],E.R.
Hugh,Kelly,[276-676-876],H.K.
Patrick,Howard,[277-677-877],P.H.
Kenneth,Ramos,[278-678-878],K.R.
Leslie,Kim,[279-679-879],L.K.
Victor,Cox,[280-680-880],V.C.
Alexander,Ward,[281-681-881],A.W.
Philip,Richardson,[282-682-882],P.R.
Oliver,Watson,[283-683-883],O.W.
Mack,Brooks,[284-684-884],M.B.
Horace,Chavez,[285-685-885],H.C.
Milton,Wood,[286-686-886],M.W.
Guy,James,[287-687-887],G.J.
Everett,Bennett,[288-688-888],E.B.
Jacob,Gray,[289-689-889],J.G.
Matthew,Mendoza,[290-690-890],M.M.
Joshua,Ruiz,[291-691-891],J.R.
Christopher,Hughes,[292-692-892],C.H.
Tyler,Price,[293-693-893],T.P.
Brandon,Alvarez,[294-694-894],B.A.
Ryan,Castillo,[295-695-895],R.C.
Zachary,Sanders,[296-696-896],Z.S.
Elijah,Patel,[297-697-897],E.P.
Isaac,Myers,[298-698-898],I.M.
Steven,Long,[299-699-899],S.L.
Evan,Ross,[300-700-900],E.R.
Jared,Foster,[301-701-901],J.F.
Sean,Jimenez,[302-702-902],S.J.
Timothy,Nguyen,[303-703-903],T.N.
Luke,Smith,[304-704-904],L.S.
Cody,Johnson,[305-705-905],C.J.
Nathaniel,Williams,[306-706-906],N.W.
Alex,Brown,[307-707-907],A.B.
Seth,Jones,[308-708-908],S.J.
Mason,Garcia,[309-709-909],M.G.
Richard,Miller,[310-710-910],R.M.
Carlos,Davis,[311-711-911],C.D.
Angel,Rodriguez,[312-712-912],A.R.
Devin,Martinez,[313-713-913],D.M.
Bryan,Hernandez,[314-714-914],B.H.
Cole,Lopez,[315-715-915],C.L.
Jackson,Gonzalez,[316-716-916],J.G.
Ian,Wilson,[317-717-917],I.W.
Garrett,Anderson,[318-718-918],G.A.
Trevor,Thomas,[319-719-919],T.T.
Jesus,Taylor,[320-720-920],J.T.
Chase,Moore,[321-721-921],C.M.
Adrian,Jackson,[322-722-922],A.J.
Mark,Martin,[323-723-923],M.M.
Blake,Lee,[324-724-924],B.L.
Sebastian,Perez,[325-725-925],S.P.
Antonio,Thompson,[326-726-926],A.T.
Lucas,White,[327-727-927],L.W.
Jeremy,Harris,[328-728-928],J.H.
Gavin,Sanchez,[329-729-929],G.S.
Miguel,Clark,[330-730-930],M.C.
Julian,Ramirez,[331-731-931],J.R.
Dakota,Lewis,[332-732-932],D.L.
Alejandro,Robinson,[333-733-933],A.R.
Dalton,Walker,[334-734-934],D.W.
Bryce,Young,[335-735-935],B.Y.
Tanner,Allen,[336-736-936],T.A.
Stephen,King,[337-737-937],S.K.
Jake,Wright,[338-738-938],J.W.
Spencer,Scott,[339-739-939],S.S.
Marcus,Torres,[340-740-940],M.T.
Paul,Nguyen,[341-741-941],P.N.
John,Hill,[342-742-942],J.H.
William,Flores,[343-743-943],W.F.
James,Green,[344-744-944],J.G.
George,Adams,[345-745-945],G.A.
Charles,Nelson,[346-746-946],C.N.
Robert,Baker,[347-747-947],R.B.
Joseph,Hall,[348-748-948],J.H.
Frank,Rivera,[349-749-949],F.R.
Edward,Campbell,[350-750-950],E.C.
Henry,Mitchell,[351-751-951],H.M.
Thomas,Carter,[352-752-952],T.C.
Walter,Roberts,[353-753-953],W.R.
Harry,Gomez,[354-754-954],H.G.
Willie,Phillips,[355-755-955],W.P.
Arthur,Evans,[356-756-956],A.E.
Albert,Turner,[357-757-957],A.T.
Fred,Diaz,[358-758-958],F.D.
Clarence,Parker,[359-759-959],C.P.
Paul,Cruz,[360-760-960],P.C.
Harold,Edwards,[361-761-961],H.E.
Roy,Collins,[362-762-962],R.C.
Joe,Reyes,[363-763-963],J.R.
Raymond,Stewart,[364-764-964],R.S.
Richard,Morris,[365-765-965],R.M.
Charlie,Morales,[366-766-966],C.M.
Louis,Murphy,[367-767-967],L.M.
Jack,Cook,[368-768-968],J.C.
Earl,Rogers,[369-769-969],E.R.
Carl,Gutierrez,[370-770-970],C.G.
Ernest,Ortiz,[371-771-971],E.O.
Ralph,Morgan,[372-772-972],R.M.
David,Cooper,[373-773-973],D.C.
Samuel,Peterson,[374-774-974],S.P.
Sam,Bailey,[375-775-975],S.B.
Howard,Reed,[376-776-976],H.R.
Herbert,Kelly,[377-777-977],H.K.
Andrew,Howard,[378-778-978],A.H.
Elmer,Ramos,[379-779-979],E.R.
Lee,Kim,[380-780-980],L.K.
Lawrence,Cox,[381-781-981],L.C.
Francis,Ward,[382-782-982],F.W.
Alfred,Richardson,[383-783-983],A.R.
Will,Watson,[384-784-984],W.W.
Daniel,Brooks,[385-785-985],D.B.
Eugene,Chavez,[386-786-986],E.C.
Leo,Wood,[387-787-987],L.W.
Oscar,James,[388-788-988],O.J.
Floyd,Bennett,[389-789-989],F.B.
Herman,Gray,[390-790-990],H.G.
Jesse,Mendoza,[391-791-991],J.M.
Michael,Ruiz,[392-792-992],M.R.
Lewis,Hughes,[393-793-993],L.H.
Tom,Price,[394-794-994],T.P.
Leon,Alvarez,[395-795-995],L.A.
Ray,Castillo,[396-796-996],R.C.
Clyde,Sanders,[397-797-997],C.S.
Benjamin,Patel,[398-798-998],B.P.
Peter,Myers,[399-799-999],P.M.
